-- MySQL dump 10.13  Distrib 5.7.16, for Linux (x86_64)
--
-- Host: localhost    Database: ifttt
-- ------------------------------------------------------
-- Server version	5.7.16-0ubuntu0.16.04.1

/*!40101 SET @OLD_CHARACTER_SET_CLIENT=@@CHARACTER_SET_CLIENT */;
/*!40101 SET @OLD_CHARACTER_SET_RESULTS=@@CHARACTER_SET_RESULTS */;
/*!40101 SET @OLD_COLLATION_CONNECTION=@@COLLATION_CONNECTION */;
/*!40101 SET NAMES utf8 */;
/*!40103 SET @OLD_TIME_ZONE=@@TIME_ZONE */;
/*!40103 SET TIME_ZONE='+00:00' */;
/*!40014 SET @OLD_UNIQUE_CHECKS=@@UNIQUE_CHECKS, UNIQUE_CHECKS=0 */;
/*!40014 SET @OLD_FOREIGN_KEY_CHECKS=@@FOREIGN_KEY_CHECKS, FOREIGN_KEY_CHECKS=0 */;
/*!40101 SET @OLD_SQL_MODE=@@SQL_MODE, SQL_MODE='NO_AUTO_VALUE_ON_ZERO' */;
/*!40111 SET @OLD_SQL_NOTES=@@SQL_NOTES, SQL_NOTES=0 */;

--
-- Table structure for table `action`
--

DROP TABLE IF EXISTS `action`;
/*!40101 SET @saved_cs_client     = @@character_set_client */;
/*!40101 SET character_set_client = utf8 */;
CREATE TABLE `action` (
  `id` int(11) NOT NULL AUTO_INCREMENT,
  `deviceId` int(11) DEFAULT NULL,
  `deviceState` smallint(6) DEFAULT NULL,
  `userId` int(11) DEFAULT NULL,
  `createTime` datetime DEFAULT NULL,
  `finished` smallint(6) DEFAULT NULL,
  PRIMARY KEY (`id`)
) ENGINE=InnoDB AUTO_INCREMENT=548 DEFAULT CHARSET=latin1;
/*!40101 SET character_set_client = @saved_cs_client */;

--
-- Dumping data for table `action`
--

LOCK TABLES `action` WRITE;
/*!40000 ALTER TABLE `action` DISABLE KEYS */;
INSERT INTO `action` VALUES (75,1,1,1,'2017-03-28 11:48:32',0),(76,1,1,1,'2017-03-28 11:51:33',0),(77,1,1,1,'2017-03-28 11:53:07',0),(78,1,1,1,'2017-03-28 11:53:07',0),(79,1,1,1,'2017-03-28 11:53:25',0),(80,1,1,1,'2017-03-28 11:53:25',0),(81,1,1,1,'2017-03-28 11:54:18',0),(82,1,1,1,'2017-03-28 11:54:19',0),(83,1,1,1,'2017-03-28 11:55:09',0),(84,1,1,1,'2017-03-28 11:55:09',0),(85,1,1,1,'2017-03-28 11:56:09',0),(86,1,1,1,'2017-03-28 11:56:10',0),(87,1,1,1,'2017-03-28 11:56:10',0),(88,1,1,1,'2017-03-28 11:57:27',0),(89,1,1,1,'2017-03-28 11:57:27',0),(90,1,1,1,'2017-03-28 11:57:27',0),(91,1,1,1,'2017-03-28 11:59:11',0),(92,1,1,1,'2017-03-28 11:59:12',0),(93,1,1,1,'2017-03-28 11:59:12',0),(94,1,1,1,'2017-03-28 12:01:25',0),(95,1,1,1,'2017-03-28 12:01:25',0),(96,1,1,1,'2017-03-28 12:01:25',0),(97,1,1,1,'2017-03-28 12:01:25',0),(98,1,1,1,'2017-03-28 12:03:38',0),(99,1,1,1,'2017-03-28 12:03:39',0),(100,1,1,1,'2017-03-28 12:03:39',0),(101,1,1,1,'2017-03-28 12:06:40',0),(102,1,1,1,'2017-03-28 12:06:40',0),(103,1,1,1,'2017-03-28 12:06:40',0),(104,1,1,1,'2017-03-28 12:07:15',0),(105,1,1,1,'2017-03-28 12:07:15',0),(106,1,1,1,'2017-03-28 12:07:15',0),(107,1,1,1,'2017-03-28 12:07:15',0),(108,1,1,1,'2017-03-28 12:07:16',0),(109,1,1,1,'2017-03-28 12:07:16',0),(110,1,1,1,'2017-03-28 12:07:16',0),(111,1,1,1,'2017-03-28 12:07:16',0),(112,1,1,1,'2017-03-28 12:07:17',0),(113,1,1,1,'2017-03-28 12:07:17',0),(114,1,1,1,'2017-03-28 12:07:17',0),(115,1,1,1,'2017-03-28 12:07:17',0),(116,1,1,1,'2017-03-28 12:07:17',0),(117,1,1,1,'2017-03-28 12:07:17',0),(118,1,1,1,'2017-03-28 12:07:18',0),(119,1,1,1,'2017-03-28 12:07:18',0),(120,1,1,1,'2017-03-28 12:07:18',0),(121,1,1,1,'2017-03-28 12:09:10',0),(122,1,1,1,'2017-03-28 12:09:10',0),(123,1,1,1,'2017-03-28 12:09:11',0),(124,1,1,1,'2017-03-28 12:09:11',0),(125,1,1,1,'2017-03-28 12:09:11',0),(126,1,1,1,'2017-03-28 12:09:11',0),(127,1,1,1,'2017-03-28 12:09:11',0),(128,1,1,1,'2017-03-28 12:09:12',0),(129,1,1,1,'2017-03-28 12:09:12',0),(130,1,1,1,'2017-03-28 12:09:12',0),(131,1,1,1,'2017-03-28 12:09:19',0),(132,1,1,1,'2017-03-28 12:09:19',0),(133,1,1,1,'2017-03-28 12:10:02',0),(134,1,1,1,'2017-03-28 12:10:03',0),(135,1,1,1,'2017-03-28 12:10:03',0),(136,1,1,1,'2017-03-28 12:10:03',0),(137,1,1,1,'2017-03-28 12:10:04',0),(138,1,1,1,'2017-03-28 12:10:04',0),(139,1,1,1,'2017-03-28 12:10:04',0),(140,1,1,1,'2017-03-28 12:10:04',0),(141,1,1,1,'2017-03-28 12:10:05',0),(142,1,1,1,'2017-03-28 12:10:05',0),(143,1,1,1,'2017-03-28 12:10:05',0),(144,1,1,1,'2017-03-28 12:10:05',0),(145,1,1,1,'2017-03-28 12:10:06',0),(146,1,1,1,'2017-03-28 12:10:06',0),(147,1,1,1,'2017-03-28 12:12:45',0),(148,1,1,1,'2017-03-28 12:12:46',0),(149,1,1,1,'2017-03-28 12:12:46',0),(150,1,1,1,'2017-03-28 12:12:46',0),(151,1,0,1,'2017-03-28 12:18:06',0),(152,1,0,1,'2017-03-28 12:18:06',0),(153,1,0,1,'2017-03-28 12:18:07',0),(154,1,0,1,'2017-03-28 12:18:07',0),(155,1,0,1,'2017-03-28 12:18:07',0),(156,1,0,1,'2017-03-28 12:18:07',0),(157,1,0,1,'2017-03-28 12:18:07',0),(158,1,0,1,'2017-03-28 12:18:08',0),(159,1,0,1,'2017-03-28 12:18:08',0),(160,1,0,1,'2017-03-28 12:18:08',0),(161,1,0,1,'2017-03-28 12:18:08',0),(162,1,0,1,'2017-03-28 12:18:08',0),(163,1,0,1,'2017-03-28 12:18:09',0),(164,1,0,1,'2017-03-28 12:18:09',0),(165,1,0,1,'2017-03-28 12:18:09',0),(166,1,0,1,'2017-03-28 12:18:09',0),(167,1,0,1,'2017-03-28 12:18:09',0),(168,1,0,1,'2017-03-28 12:18:10',0),(169,1,0,1,'2017-03-28 12:18:10',0),(170,1,0,1,'2017-03-28 12:18:10',0),(171,1,0,1,'2017-03-28 12:18:10',0),(172,1,0,1,'2017-03-28 12:18:10',0),(173,1,0,1,'2017-03-28 12:18:11',0),(174,1,0,1,'2017-03-28 12:18:11',0),(175,1,0,1,'2017-03-28 12:18:11',0),(176,1,0,1,'2017-03-28 12:18:11',0),(177,1,0,1,'2017-03-28 12:18:11',0),(178,1,0,1,'2017-03-28 12:18:12',0),(179,1,1,1,'2017-03-28 12:23:14',0),(180,1,1,1,'2017-03-28 12:23:15',0),(181,1,1,1,'2017-03-28 12:23:15',0),(182,1,1,1,'2017-03-28 12:23:15',0),(183,1,1,1,'2017-03-28 12:23:16',0),(184,1,1,1,'2017-03-28 12:23:16',0),(185,1,1,1,'2017-03-28 12:23:16',0),(186,1,1,1,'2017-03-28 12:23:16',0),(187,1,1,1,'2017-03-28 12:23:16',0),(188,1,1,1,'2017-03-28 12:23:17',0),(189,1,1,1,'2017-03-28 12:23:17',0),(190,1,1,1,'2017-03-28 12:23:17',0),(191,1,1,1,'2017-03-28 12:23:17',0),(192,1,1,1,'2017-03-28 12:23:18',0),(193,1,1,1,'2017-03-28 12:25:27',0),(194,1,1,1,'2017-03-28 12:25:27',0),(195,1,1,1,'2017-03-28 12:25:27',0),(196,1,1,1,'2017-03-28 12:25:27',0),(197,1,1,1,'2017-03-28 12:25:28',0),(198,1,1,1,'2017-03-28 12:25:28',0),(199,1,1,1,'2017-03-28 12:25:28',0),(200,1,1,1,'2017-03-28 12:25:28',0),(201,1,1,1,'2017-03-28 12:25:28',0),(202,1,1,1,'2017-03-28 12:25:29',0),(203,1,1,1,'2017-03-28 12:25:29',0),(204,1,1,1,'2017-03-28 12:25:29',0),(205,1,1,1,'2017-03-28 12:25:29',0),(206,1,1,1,'2017-03-28 12:25:29',0),(207,1,1,1,'2017-03-28 12:25:29',0),(208,1,1,1,'2017-03-28 12:25:30',0),(209,1,1,1,'2017-03-28 12:26:35',0),(210,1,1,1,'2017-03-28 12:26:35',0),(211,1,1,1,'2017-03-28 12:26:36',0),(212,1,1,1,'2017-03-28 12:26:36',0),(213,1,1,1,'2017-03-28 12:26:36',0),(214,1,1,1,'2017-03-28 12:26:36',0),(215,1,1,1,'2017-03-28 12:26:36',0),(216,1,1,1,'2017-03-28 12:26:36',0),(217,1,1,1,'2017-03-28 12:26:37',0),(218,1,1,1,'2017-03-28 12:26:37',0),(219,1,1,1,'2017-03-28 12:26:37',0),(220,1,1,1,'2017-03-28 12:26:37',0),(221,1,1,1,'2017-03-28 12:26:37',0),(222,1,1,1,'2017-03-28 12:38:48',0),(223,1,1,1,'2017-03-28 12:38:48',0),(224,1,1,1,'2017-03-28 12:38:49',0),(225,1,1,1,'2017-03-28 12:38:49',0),(226,1,1,1,'2017-03-28 12:38:49',0),(227,1,1,1,'2017-03-28 12:38:49',0),(228,1,1,1,'2017-03-28 12:38:49',0),(229,1,1,1,'2017-03-28 12:38:49',0),(230,1,1,1,'2017-03-28 12:38:50',0),(231,1,1,1,'2017-03-28 12:38:50',0),(232,1,1,1,'2017-03-28 12:38:50',0),(233,1,1,1,'2017-03-28 12:38:50',0),(234,1,1,1,'2017-03-28 12:38:50',0),(235,1,1,1,'2017-03-28 12:38:50',0),(236,1,1,1,'2017-03-28 12:38:50',0),(237,1,1,1,'2017-03-28 12:38:51',0),(238,1,1,1,'2017-03-28 12:40:22',0),(239,1,1,1,'2017-03-28 12:40:23',0),(240,1,1,1,'2017-03-28 12:40:23',0),(241,1,1,1,'2017-03-28 12:40:23',0),(242,1,1,1,'2017-03-28 12:40:23',0),(243,1,1,1,'2017-03-28 12:40:23',0),(244,1,1,1,'2017-03-28 12:40:24',0),(245,1,1,1,'2017-03-28 12:40:24',0),(246,1,1,1,'2017-03-28 12:40:24',0),(247,1,1,1,'2017-03-28 12:40:24',0),(248,1,1,1,'2017-03-28 12:40:25',0),(249,1,1,1,'2017-03-28 12:40:25',0),(250,1,1,1,'2017-03-28 12:40:25',0),(251,1,1,1,'2017-03-28 12:40:25',0),(252,1,1,1,'2017-03-28 12:40:25',0),(253,1,1,1,'2017-03-28 12:41:26',0),(254,1,1,1,'2017-03-28 12:41:26',0),(255,1,1,1,'2017-03-28 12:41:26',0),(256,1,1,1,'2017-03-28 12:41:26',0),(257,1,1,1,'2017-03-28 12:41:27',0),(258,1,1,1,'2017-03-28 12:41:27',0),(259,1,1,1,'2017-03-28 12:41:27',0),(260,1,1,1,'2017-03-28 12:41:27',0),(261,1,1,1,'2017-03-28 12:41:28',0),(262,1,1,1,'2017-03-28 12:41:28',0),(263,1,1,1,'2017-03-28 12:41:28',0),(264,1,1,1,'2017-03-28 12:41:28',0),(265,1,1,1,'2017-03-28 12:41:28',0),(266,1,1,1,'2017-03-28 12:41:29',0),(267,1,1,1,'2017-03-28 12:41:29',0),(268,1,1,1,'2017-03-28 12:53:19',0),(269,1,1,1,'2017-03-28 12:53:20',0),(270,1,1,1,'2017-03-28 12:53:20',0),(271,1,1,1,'2017-03-28 12:53:20',0),(272,1,1,1,'2017-03-28 12:53:21',0),(273,1,1,1,'2017-03-28 12:53:21',0),(274,1,1,1,'2017-03-28 12:53:21',0),(275,1,1,1,'2017-03-28 12:53:21',0),(276,1,1,1,'2017-03-28 12:53:22',0),(277,1,1,1,'2017-03-28 12:53:22',0),(278,1,1,1,'2017-03-28 12:53:22',0),(279,1,1,1,'2017-03-28 12:53:22',0),(280,1,1,1,'2017-03-28 12:53:23',0),(281,1,1,1,'2017-03-28 12:53:23',0),(282,1,1,1,'2017-03-28 12:55:11',0),(283,1,1,1,'2017-03-28 12:55:12',0),(284,1,1,1,'2017-03-28 12:55:12',0),(285,1,1,1,'2017-03-28 12:55:12',0),(286,1,1,1,'2017-03-28 12:55:13',0),(287,1,1,1,'2017-03-28 12:55:13',0),(288,1,1,1,'2017-03-28 12:55:13',0),(289,1,1,1,'2017-03-28 12:55:13',0),(290,1,1,1,'2017-03-28 12:55:14',0),(291,1,1,1,'2017-03-28 12:55:14',0),(292,1,1,1,'2017-03-28 12:55:14',0),(293,1,1,1,'2017-03-28 12:55:14',0),(294,1,1,1,'2017-03-28 12:55:15',0),(295,1,1,1,'2017-03-28 12:55:15',0),(296,1,1,1,'2017-03-28 12:55:15',0),(297,1,1,1,'2017-03-28 12:56:06',0),(298,1,1,1,'2017-03-28 12:56:07',0),(299,1,1,1,'2017-03-28 12:56:07',0),(300,1,1,1,'2017-03-28 12:56:07',0),(301,1,1,1,'2017-03-28 12:56:07',0),(302,1,1,1,'2017-03-28 12:56:07',0),(303,1,1,1,'2017-03-28 12:56:08',0),(304,1,1,1,'2017-03-28 12:56:08',0),(305,1,1,1,'2017-03-28 12:56:08',0),(306,1,1,1,'2017-03-28 12:56:08',0),(307,1,1,1,'2017-03-28 12:56:09',0),(308,1,1,1,'2017-03-28 12:56:09',0),(309,1,1,1,'2017-03-28 12:56:09',0),(310,1,1,1,'2017-03-28 12:56:09',0),(311,1,1,1,'2017-03-28 12:56:09',0),(312,1,1,1,'2017-03-28 13:08:42',0),(313,1,1,1,'2017-03-28 13:08:42',0),(314,1,1,1,'2017-03-28 13:08:42',0),(315,1,1,1,'2017-03-28 13:08:42',0),(316,1,1,1,'2017-03-28 13:08:42',0),(317,1,1,1,'2017-03-28 13:08:42',0),(318,1,1,1,'2017-03-28 13:08:43',0),(319,1,1,1,'2017-03-28 13:08:43',0),(320,1,1,1,'2017-03-28 13:08:43',0),(321,1,1,1,'2017-03-28 13:08:43',0),(322,1,1,1,'2017-03-28 13:08:43',0),(323,1,1,1,'2017-03-28 13:08:44',0),(324,1,1,1,'2017-03-28 13:08:44',0),(325,1,1,1,'2017-03-28 13:08:44',0),(326,1,1,1,'2017-03-28 13:08:44',0),(327,1,1,1,'2017-03-28 13:10:35',0),(328,1,1,1,'2017-03-28 13:10:35',0),(329,1,1,1,'2017-03-28 13:10:35',0),(330,1,1,1,'2017-03-28 13:10:35',0),(331,1,1,1,'2017-03-28 13:10:36',0),(332,1,1,1,'2017-03-28 13:10:36',0),(333,1,1,1,'2017-03-28 13:10:36',0),(334,1,1,1,'2017-03-28 13:10:36',0),(335,1,1,1,'2017-03-28 13:10:36',0),(336,1,1,1,'2017-03-28 13:10:37',0),(337,1,1,1,'2017-03-28 13:10:37',0),(338,1,1,1,'2017-03-28 13:10:37',0),(339,1,1,1,'2017-03-28 13:10:37',0),(340,1,1,1,'2017-03-28 13:10:37',0),(341,1,1,1,'2017-03-28 13:10:38',0),(342,1,1,1,'2017-03-28 13:11:26',0),(343,1,1,1,'2017-03-28 13:11:26',0),(344,1,1,1,'2017-03-28 13:11:27',0),(345,1,1,1,'2017-03-28 13:11:27',0),(346,1,1,1,'2017-03-28 13:11:27',0),(347,1,1,1,'2017-03-28 13:11:27',0),(348,1,1,1,'2017-03-28 13:11:27',0),(349,1,1,1,'2017-03-28 13:11:27',0),(350,1,1,1,'2017-03-28 13:11:28',0),(351,1,1,1,'2017-03-28 13:11:28',0),(352,1,1,1,'2017-03-28 13:11:28',0),(353,1,1,1,'2017-03-28 13:11:28',0),(354,1,1,1,'2017-03-28 13:11:28',0),(355,1,1,1,'2017-03-28 13:11:29',0),(356,1,1,1,'2017-03-28 13:11:29',0),(357,1,1,1,'2017-03-28 13:23:18',0),(358,1,1,1,'2017-03-28 13:23:18',0),(359,1,1,1,'2017-03-28 13:23:18',0),(360,1,1,1,'2017-03-28 13:23:18',0),(361,1,1,1,'2017-03-28 13:23:18',0),(362,1,1,1,'2017-03-28 13:23:19',0),(363,1,1,1,'2017-03-28 13:23:19',0),(364,1,1,1,'2017-03-28 13:23:19',0),(365,1,1,1,'2017-03-28 13:23:19',0),(366,1,1,1,'2017-03-28 13:23:19',0),(367,1,1,1,'2017-03-28 13:23:20',0),(368,1,1,1,'2017-03-28 13:23:20',0),(369,1,1,1,'2017-03-28 13:23:20',0),(370,1,1,1,'2017-03-28 13:23:20',0),(371,1,1,1,'2017-03-28 13:23:20',0),(372,1,1,1,'2017-03-28 13:25:07',0),(373,1,1,1,'2017-03-28 13:25:07',0),(374,1,1,1,'2017-03-28 13:25:08',0),(375,1,1,1,'2017-03-28 13:25:08',0),(376,1,1,1,'2017-03-28 13:25:08',0),(377,1,1,1,'2017-03-28 13:25:08',0),(378,1,1,1,'2017-03-28 13:25:08',0),(379,1,1,1,'2017-03-28 13:25:09',0),(380,1,1,1,'2017-03-28 13:25:09',0),(381,1,1,1,'2017-03-28 13:25:09',0),(382,1,1,1,'2017-03-28 13:25:09',0),(383,1,1,1,'2017-03-28 13:25:10',0),(384,1,1,1,'2017-03-28 13:25:10',0),(385,1,1,1,'2017-03-28 13:25:10',0),(386,1,1,1,'2017-03-28 13:25:10',0),(387,1,1,1,'2017-03-28 13:26:20',0),(388,1,1,1,'2017-03-28 13:26:20',0),(389,1,1,1,'2017-03-28 13:26:20',0),(390,1,1,1,'2017-03-28 13:26:20',0),(391,1,1,1,'2017-03-28 13:26:20',0),(392,1,1,1,'2017-03-28 13:26:21',0),(393,1,1,1,'2017-03-28 13:26:21',0),(394,1,1,1,'2017-03-28 13:26:21',0),(395,1,1,1,'2017-03-28 13:26:21',0),(396,1,1,1,'2017-03-28 13:26:21',0),(397,1,1,1,'2017-03-28 13:26:21',0),(398,1,1,1,'2017-03-28 13:26:22',0),(399,1,1,1,'2017-03-28 13:26:22',0),(400,1,1,1,'2017-03-28 13:26:22',0),(401,1,1,1,'2017-03-28 13:26:22',0),(402,1,1,1,'2017-03-28 13:38:23',0),(403,1,1,1,'2017-03-28 13:38:23',0),(404,1,1,1,'2017-03-28 13:38:23',0),(405,1,1,1,'2017-03-28 13:38:23',0),(406,1,1,1,'2017-03-28 13:38:24',0),(407,1,1,1,'2017-03-28 13:38:24',0),(408,1,1,1,'2017-03-28 13:38:24',0),(409,1,1,1,'2017-03-28 13:38:25',0),(410,1,1,1,'2017-03-28 13:38:25',0),(411,1,1,1,'2017-03-28 13:40:10',0),(412,1,1,1,'2017-03-28 13:40:10',0),(413,1,1,1,'2017-03-28 13:40:10',0),(414,1,1,1,'2017-03-28 13:40:11',0),(415,1,1,1,'2017-03-28 13:40:11',0),(416,1,1,1,'2017-03-28 13:40:11',0),(417,1,1,1,'2017-03-28 13:40:11',0),(418,1,1,1,'2017-03-28 13:41:24',0),(419,1,1,1,'2017-03-28 13:41:24',0),(420,1,1,1,'2017-03-28 13:41:24',0),(421,1,1,1,'2017-03-28 13:41:24',0),(422,1,1,1,'2017-03-28 13:41:25',0),(423,1,1,1,'2017-03-28 13:41:25',0),(424,1,1,1,'2017-03-28 14:07:29',0),(425,1,1,1,'2017-03-28 14:07:30',0),(426,1,1,1,'2017-03-28 14:07:30',0),(427,1,1,1,'2017-03-28 14:07:30',0),(428,1,1,1,'2017-03-28 14:07:31',0),(429,1,1,1,'2017-03-28 14:07:31',0),(430,1,1,1,'2017-03-28 14:07:31',0),(431,1,1,1,'2017-03-28 14:07:31',0),(432,1,1,1,'2017-03-28 14:07:32',0),(433,1,1,1,'2017-03-28 14:07:32',0),(434,1,1,1,'2017-03-28 14:07:32',0),(435,1,1,1,'2017-03-28 14:07:32',0),(436,1,1,1,'2017-03-28 14:07:33',0),(437,1,1,1,'2017-03-28 14:07:33',0),(438,1,1,1,'2017-03-28 14:07:33',0),(439,1,1,1,'2017-03-28 14:07:33',0),(440,1,1,1,'2017-03-28 14:07:34',0),(441,1,1,1,'2017-03-28 14:07:34',0),(442,1,1,1,'2017-03-28 14:07:34',0),(443,1,1,1,'2017-03-28 14:07:34',0),(444,1,1,1,'2017-03-28 14:07:35',0),(445,1,1,1,'2017-03-28 14:07:35',0),(446,1,1,1,'2017-03-28 14:07:35',0),(447,1,1,1,'2017-03-28 14:07:35',0),(448,1,1,1,'2017-03-28 14:07:36',0),(449,1,1,1,'2017-03-28 14:07:36',0),(450,1,1,1,'2017-03-28 14:07:37',0),(451,1,1,1,'2017-03-28 14:07:37',0),(452,1,1,1,'2017-03-28 14:07:37',0),(453,1,1,1,'2017-03-28 14:07:37',0),(454,1,1,1,'2017-03-28 14:07:38',0),(455,1,1,1,'2017-03-28 14:07:38',0),(456,1,1,1,'2017-03-28 14:07:38',0),(457,1,1,1,'2017-03-28 14:07:38',0),(458,1,1,1,'2017-03-28 14:07:39',0),(459,1,1,1,'2017-03-28 14:07:39',0),(460,1,1,1,'2017-03-28 14:07:39',0),(461,1,1,1,'2017-03-28 14:07:39',0),(462,1,1,1,'2017-03-28 14:07:40',0),(463,1,1,1,'2017-03-28 14:07:40',0),(464,1,1,1,'2017-03-28 14:07:40',0),(465,1,1,1,'2017-03-28 14:07:40',0),(466,1,1,1,'2017-03-28 14:07:40',0),(467,1,1,1,'2017-03-28 14:07:41',0),(468,1,1,1,'2017-03-28 14:07:41',0),(469,1,1,1,'2017-03-28 14:07:41',0),(470,1,1,1,'2017-03-28 14:07:41',0),(471,1,1,1,'2017-03-28 14:07:42',0),(472,1,1,1,'2017-03-28 14:07:42',0),(473,1,1,1,'2017-03-28 14:07:42',0),(474,1,0,1,'2017-03-28 14:18:52',0),(475,1,0,1,'2017-03-28 14:18:52',0),(476,1,0,1,'2017-03-28 14:18:52',0),(477,1,0,1,'2017-03-28 14:18:52',0),(478,1,0,1,'2017-03-28 14:18:52',0),(479,1,0,1,'2017-03-28 14:18:52',0),(480,1,0,1,'2017-03-28 14:18:52',0),(481,1,0,1,'2017-03-28 14:18:53',0),(482,1,0,1,'2017-03-28 14:18:53',0),(483,1,0,1,'2017-03-28 14:18:53',0),(484,1,0,1,'2017-03-28 14:18:53',0),(485,1,0,1,'2017-03-28 14:18:54',0),(486,1,0,1,'2017-03-28 14:18:54',0),(487,1,0,1,'2017-03-28 14:18:54',0),(488,1,0,1,'2017-03-28 14:18:54',0),(489,1,0,1,'2017-03-28 14:18:54',0),(490,1,0,1,'2017-03-28 14:18:54',0),(491,1,0,1,'2017-03-28 14:18:55',0),(492,1,0,1,'2017-03-28 14:18:55',0),(493,1,0,1,'2017-03-28 14:18:55',0),(494,1,0,1,'2017-03-28 14:18:55',0),(495,1,0,1,'2017-03-28 14:18:55',0),(496,1,0,1,'2017-03-28 14:18:55',0),(497,1,0,1,'2017-03-28 14:18:55',0),(498,1,0,1,'2017-03-28 14:18:56',0),(499,1,0,1,'2017-03-28 14:18:56',0),(500,1,0,1,'2017-03-28 14:18:56',0),(501,1,0,1,'2017-03-28 14:18:56',0),(502,1,0,1,'2017-03-28 14:18:56',0),(503,1,0,1,'2017-03-28 14:18:57',0),(504,1,0,1,'2017-03-28 14:18:57',0),(505,1,0,1,'2017-03-28 14:18:57',0),(506,1,0,1,'2017-03-28 14:18:57',0),(507,1,0,1,'2017-03-28 14:18:57',0),(508,1,0,1,'2017-03-28 14:18:57',0),(509,1,0,1,'2017-03-28 14:18:57',0),(510,1,0,1,'2017-03-28 14:18:58',0),(511,1,0,1,'2017-03-28 14:18:58',0),(512,1,0,1,'2017-03-28 14:18:58',0),(513,1,0,1,'2017-03-28 14:18:58',0),(514,1,0,1,'2017-03-28 14:18:58',0),(515,1,0,1,'2017-03-28 14:18:58',0),(516,1,0,1,'2017-03-28 14:18:59',0),(517,1,0,1,'2017-03-28 14:18:59',0),(518,1,0,1,'2017-03-28 14:18:59',0),(519,1,0,1,'2017-03-28 14:18:59',0),(520,1,0,1,'2017-03-28 14:18:59',0),(521,1,0,1,'2017-03-28 14:18:59',0),(522,1,0,1,'2017-03-28 14:19:00',0),(523,1,0,1,'2017-03-28 14:19:00',0),(524,1,1,1,'2017-05-10 10:00:14',0),(525,1,1,1,'2017-05-10 10:00:14',0),(526,1,1,1,'2017-05-10 10:00:14',0),(527,2,0,1,'2017-05-10 10:00:15',0),(528,2,0,1,'2017-05-10 10:00:15',0),(529,2,0,1,'2017-05-10 10:00:15',0),(530,1,0,1,'2017-05-10 10:00:16',0),(531,1,0,1,'2017-05-10 10:00:16',0),(532,1,0,1,'2017-05-10 10:00:16',0),(533,2,1,1,'2017-05-10 10:00:17',0),(534,2,1,1,'2017-05-10 10:00:17',0),(535,2,1,1,'2017-05-10 10:00:18',0),(536,1,1,1,'2017-05-10 10:01:04',0),(537,1,1,1,'2017-05-10 10:01:04',0),(538,1,1,1,'2017-05-10 10:01:04',0),(539,2,0,1,'2017-05-10 10:01:05',0),(540,2,0,1,'2017-05-10 10:01:05',0),(541,2,0,1,'2017-05-10 10:01:05',0),(542,1,0,1,'2017-05-10 10:01:06',0),(543,1,0,1,'2017-05-10 10:01:06',0),(544,1,0,1,'2017-05-10 10:01:06',0),(545,2,1,1,'2017-05-10 10:01:07',0),(546,2,1,1,'2017-05-10 10:01:07',0),(547,2,1,1,'2017-05-10 10:01:07',0);
/*!40000 ALTER TABLE `action` ENABLE KEYS */;
UNLOCK TABLES;

--
-- Table structure for table `device`
--

DROP TABLE IF EXISTS `device`;
/*!40101 SET @saved_cs_client     = @@character_set_client */;
/*!40101 SET character_set_client = utf8 */;
CREATE TABLE `device` (
  `id` int(11) NOT NULL AUTO_INCREMENT,
  `name` varchar(256) DEFAULT NULL,
  `userId` int(11) DEFAULT NULL,
  `createdTime` datetime DEFAULT NULL,
  `deviceType` varchar(128) DEFAULT NULL,
  `deviceState` smallint(6) DEFAULT NULL,
  PRIMARY KEY (`id`)
) ENGINE=InnoDB AUTO_INCREMENT=4 DEFAULT CHARSET=latin1;
/*!40101 SET character_set_client = @saved_cs_client */;

--
-- Dumping data for table `device`
--

LOCK TABLES `device` WRITE;
/*!40000 ALTER TABLE `device` DISABLE KEYS */;
INSERT INTO `device` VALUES (1,'Wemo Switch 1',1,'2017-02-27 13:30:03','switch',2),(2,'Hue Light 1 Living Room',1,'2017-02-27 13:30:03','light',0),(3,'Hue Light 1 Bed Room',1,'2017-02-27 13:30:03','light',0);
/*!40000 ALTER TABLE `device` ENABLE KEYS */;
UNLOCK TABLES;

--
-- Table structure for table `event`
--

DROP TABLE IF EXISTS `event`;
/*!40101 SET @saved_cs_client     = @@character_set_client */;
/*!40101 SET character_set_client = utf8 */;
CREATE TABLE `event` (
  `id` int(11) NOT NULL AUTO_INCREMENT,
  `deviceId` int(11) DEFAULT NULL,
  `deviceState` smallint(6) DEFAULT NULL,
  `userId` int(11) DEFAULT NULL,
  `eventTime` datetime DEFAULT NULL,
  PRIMARY KEY (`id`)
) ENGINE=InnoDB AUTO_INCREMENT=337 DEFAULT CHARSET=latin1;
/*!40101 SET character_set_client = @saved_cs_client */;

--
-- Dumping data for table `event`
--

LOCK TABLES `event` WRITE;
/*!40000 ALTER TABLE `event` DISABLE KEYS */;
INSERT INTO `event` VALUES (1,1,1,1,'2017-02-27 17:00:00'),(2,1,1,1,'2017-03-02 16:48:57'),(3,1,1,1,'2017-03-02 16:49:11'),(4,1,1,1,'2017-03-02 16:49:18'),(5,1,1,1,'2017-03-02 16:49:21'),(6,1,0,1,'2017-03-02 16:49:33'),(7,1,0,1,'2017-03-02 16:49:36'),(8,1,0,1,'2017-03-02 16:49:38'),(9,2,0,1,'2017-03-02 16:49:53'),(10,2,1,1,'2017-03-02 16:49:58'),(11,2,0,1,'2017-03-02 16:50:02'),(12,2,1,1,'2017-03-02 16:50:07'),(13,2,0,1,'2017-03-02 16:50:11'),(14,2,1,1,'2017-03-02 16:50:14'),(15,1,1,1,'2017-03-02 17:39:27'),(16,1,0,1,'2017-03-02 17:41:21'),(17,1,1,1,'2017-03-02 17:41:27'),(18,1,1,1,'2017-03-02 17:41:28'),(19,1,1,1,'2017-03-02 17:41:32'),(20,1,0,1,'2017-03-02 17:41:34'),(21,1,0,1,'2017-03-02 17:41:37'),(22,1,1,1,'2017-03-02 17:41:44'),(23,1,1,1,'2017-03-02 17:50:28'),(24,1,1,1,'2017-03-02 17:50:31'),(25,1,1,1,'2017-03-02 17:50:37'),(26,1,1,1,'2017-03-02 17:50:40'),(27,1,1,1,'2017-03-02 17:41:22'),(28,1,1,1,'2017-03-28 11:02:40'),(29,1,1,1,'2017-03-28 11:02:30'),(30,1,1,2,'2017-03-28 11:02:40'),(31,1,1,1,'2017-03-28 11:47:26'),(32,2,1,1,'2017-03-28 11:47:26'),(33,3,1,1,'2017-03-28 11:47:26'),(34,1,1,1,'2017-03-28 11:51:30'),(35,2,1,1,'2017-03-28 11:51:30'),(36,3,1,1,'2017-03-28 11:51:30'),(37,1,1,1,'2017-03-28 11:52:32'),(38,2,1,1,'2017-03-28 11:52:32'),(39,3,1,1,'2017-03-28 11:52:32'),(40,1,1,1,'2017-03-28 11:53:32'),(41,2,1,1,'2017-03-28 11:53:32'),(42,3,1,1,'2017-03-28 11:53:32'),(43,1,1,1,'2017-03-28 11:54:32'),(44,2,1,1,'2017-03-28 11:54:32'),(45,3,1,1,'2017-03-28 11:54:32'),(46,1,1,1,'2017-03-28 11:55:32'),(47,2,1,1,'2017-03-28 11:55:32'),(48,3,1,1,'2017-03-28 11:55:32'),(49,1,1,1,'2017-03-28 11:56:32'),(50,2,1,1,'2017-03-28 11:56:32'),(51,3,1,1,'2017-03-28 11:56:32'),(52,1,1,1,'2017-03-28 11:57:32'),(53,2,1,1,'2017-03-28 11:57:32'),(54,3,1,1,'2017-03-28 11:57:32'),(55,1,1,1,'2017-03-28 11:58:33'),(56,2,1,1,'2017-03-28 11:58:33'),(57,3,1,1,'2017-03-28 11:58:33'),(58,1,1,1,'2017-03-28 11:59:33'),(59,2,1,1,'2017-03-28 11:59:33'),(60,3,1,1,'2017-03-28 11:59:33'),(61,1,1,1,'2017-03-28 12:00:33'),(62,2,1,1,'2017-03-28 12:00:33'),(63,3,1,1,'2017-03-28 12:00:33'),(64,1,1,1,'2017-03-28 12:01:33'),(65,2,1,1,'2017-03-28 12:01:33'),(66,3,1,1,'2017-03-28 12:01:33'),(67,1,1,1,'2017-03-28 12:02:33'),(68,2,1,1,'2017-03-28 12:02:33'),(69,3,1,1,'2017-03-28 12:02:33'),(70,1,1,1,'2017-03-28 12:03:34'),(71,2,1,1,'2017-03-28 12:03:34'),(72,3,1,1,'2017-03-28 12:03:34'),(73,1,1,1,'2017-03-28 12:04:34'),(74,2,1,1,'2017-03-28 12:04:34'),(75,3,1,1,'2017-03-28 12:04:34'),(76,1,1,1,'2017-03-28 12:05:34'),(77,2,1,1,'2017-03-28 12:05:34'),(78,3,1,1,'2017-03-28 12:05:34'),(79,1,1,1,'2017-03-28 12:06:34'),(80,2,1,1,'2017-03-28 12:06:34'),(81,3,1,1,'2017-03-28 12:06:34'),(82,1,1,1,'2017-03-28 12:07:34'),(83,2,1,1,'2017-03-28 12:07:34'),(84,3,1,1,'2017-03-28 12:07:34'),(85,1,1,1,'2017-03-28 12:08:35'),(86,2,1,1,'2017-03-28 12:08:35'),(87,3,1,1,'2017-03-28 12:08:35'),(88,1,1,1,'2017-03-28 12:09:35'),(89,2,1,1,'2017-03-28 12:09:35'),(90,3,1,1,'2017-03-28 12:09:35'),(91,1,1,1,'2017-03-28 12:10:35'),(92,2,1,1,'2017-03-28 12:10:35'),(93,3,1,1,'2017-03-28 12:10:35'),(94,1,1,1,'2017-03-28 12:11:35'),(95,2,1,1,'2017-03-28 12:11:35'),(96,3,1,1,'2017-03-28 12:11:35'),(97,1,1,1,'2017-03-28 12:12:35'),(98,2,1,1,'2017-03-28 12:12:35'),(99,3,1,1,'2017-03-28 12:12:35'),(100,1,1,1,'2017-03-28 12:13:36'),(101,2,1,1,'2017-03-28 12:13:36'),(102,3,1,1,'2017-03-28 12:13:36'),(103,1,1,1,'2017-03-28 12:14:36'),(104,2,1,1,'2017-03-28 12:14:36'),(105,3,1,1,'2017-03-28 12:14:36'),(106,1,1,1,'2017-03-28 12:15:36'),(107,2,1,1,'2017-03-28 12:15:36'),(108,3,1,1,'2017-03-28 12:15:36'),(109,1,1,1,'2017-03-28 12:16:36'),(110,2,1,1,'2017-03-28 12:16:36'),(111,3,1,1,'2017-03-28 12:16:36'),(112,1,1,1,'2017-03-28 12:17:36'),(113,2,1,1,'2017-03-28 12:17:36'),(114,3,1,1,'2017-03-28 12:17:36'),(115,1,1,1,'2017-03-28 12:18:37'),(116,2,1,1,'2017-03-28 12:18:37'),(117,3,1,1,'2017-03-28 12:18:37'),(118,1,1,1,'2017-03-28 12:19:37'),(119,2,1,1,'2017-03-28 12:19:37'),(120,3,1,1,'2017-03-28 12:19:37'),(121,1,1,1,'2017-03-28 12:20:37'),(122,2,1,1,'2017-03-28 12:20:37'),(123,3,1,1,'2017-03-28 12:20:37'),(124,1,1,1,'2017-03-28 12:21:37'),(125,2,1,1,'2017-03-28 12:21:37'),(126,3,1,1,'2017-03-28 12:21:37'),(127,1,1,1,'2017-03-28 12:22:37'),(128,2,1,1,'2017-03-28 12:22:37'),(129,3,1,1,'2017-03-28 12:22:37'),(130,1,1,1,'2017-03-28 12:23:38'),(131,2,1,1,'2017-03-28 12:23:38'),(132,3,1,1,'2017-03-28 12:23:38'),(133,1,1,1,'2017-03-28 12:24:38'),(134,2,1,1,'2017-03-28 12:24:38'),(135,3,1,1,'2017-03-28 12:24:38'),(136,1,1,1,'2017-03-28 12:25:38'),(137,2,1,1,'2017-03-28 12:25:38'),(138,3,1,1,'2017-03-28 12:25:38'),(139,1,1,1,'2017-03-28 12:26:38'),(140,2,1,1,'2017-03-28 12:26:38'),(141,3,1,1,'2017-03-28 12:26:38'),(142,1,1,1,'2017-03-28 12:27:38'),(143,2,1,1,'2017-03-28 12:27:38'),(144,3,1,1,'2017-03-28 12:27:38'),(145,1,1,1,'2017-03-28 12:28:39'),(146,2,1,1,'2017-03-28 12:28:39'),(147,3,1,1,'2017-03-28 12:28:39'),(148,1,1,1,'2017-03-28 12:29:39'),(149,2,1,1,'2017-03-28 12:29:39'),(150,3,1,1,'2017-03-28 12:29:39'),(151,1,1,1,'2017-03-28 12:30:39'),(152,2,1,1,'2017-03-28 12:30:39'),(153,3,1,1,'2017-03-28 12:30:39'),(154,1,1,1,'2017-03-28 12:31:39'),(155,2,1,1,'2017-03-28 12:31:39'),(156,3,1,1,'2017-03-28 12:31:39'),(157,1,1,1,'2017-03-28 12:32:39'),(158,2,1,1,'2017-03-28 12:32:39'),(159,3,1,1,'2017-03-28 12:32:39'),(160,1,1,1,'2017-03-28 12:33:40'),(161,2,1,1,'2017-03-28 12:33:40'),(162,3,1,1,'2017-03-28 12:33:40'),(163,1,1,1,'2017-03-28 12:34:40'),(164,2,1,1,'2017-03-28 12:34:40'),(165,3,1,1,'2017-03-28 12:34:40'),(166,1,1,1,'2017-03-28 12:35:40'),(167,2,1,1,'2017-03-28 12:35:40'),(168,3,1,1,'2017-03-28 12:35:40'),(169,1,1,1,'2017-03-28 12:36:40'),(170,2,1,1,'2017-03-28 12:36:40'),(171,3,1,1,'2017-03-28 12:36:40'),(172,1,1,1,'2017-03-28 12:37:40'),(173,2,1,1,'2017-03-28 12:37:40'),(174,3,1,1,'2017-03-28 12:37:40'),(175,1,1,1,'2017-03-28 12:38:40'),(176,2,1,1,'2017-03-28 12:38:40'),(177,3,1,1,'2017-03-28 12:38:40'),(178,1,1,1,'2017-03-28 12:39:41'),(179,2,1,1,'2017-03-28 12:39:41'),(180,3,1,1,'2017-03-28 12:39:41'),(181,1,1,1,'2017-03-28 12:40:41'),(182,2,1,1,'2017-03-28 12:40:41'),(183,3,1,1,'2017-03-28 12:40:41'),(184,1,1,1,'2017-03-28 12:41:41'),(185,2,1,1,'2017-03-28 12:41:41'),(186,3,1,1,'2017-03-28 12:41:41'),(187,1,1,1,'2017-03-28 12:42:41'),(188,2,1,1,'2017-03-28 12:42:41'),(189,3,1,1,'2017-03-28 12:42:41'),(190,1,1,1,'2017-03-28 12:43:41'),(191,2,1,1,'2017-03-28 12:43:41'),(192,3,1,1,'2017-03-28 12:43:41'),(193,1,1,1,'2017-03-28 12:44:42'),(194,2,1,1,'2017-03-28 12:44:42'),(195,3,1,1,'2017-03-28 12:44:42'),(196,1,1,1,'2017-03-28 12:45:42'),(197,2,1,1,'2017-03-28 12:45:42'),(198,3,1,1,'2017-03-28 12:45:42'),(199,1,1,1,'2017-03-28 12:46:42'),(200,2,1,1,'2017-03-28 12:46:42'),(201,3,1,1,'2017-03-28 12:46:42'),(202,1,1,1,'2017-03-28 12:47:42'),(203,2,1,1,'2017-03-28 12:47:42'),(204,3,1,1,'2017-03-28 12:47:42'),(205,1,1,1,'2017-03-28 12:48:42'),(206,2,1,1,'2017-03-28 12:48:42'),(207,3,1,1,'2017-03-28 12:48:42'),(208,1,1,1,'2017-03-28 12:49:43'),(209,2,1,1,'2017-03-28 12:49:43'),(210,3,1,1,'2017-03-28 12:49:43'),(211,1,1,1,'2017-03-28 12:50:43'),(212,2,1,1,'2017-03-28 12:50:43'),(213,3,1,1,'2017-03-28 12:50:43'),(214,1,1,1,'2017-03-28 12:51:43'),(215,2,1,1,'2017-03-28 12:51:43'),(216,3,1,1,'2017-03-28 12:51:43'),(217,1,1,1,'2017-03-28 12:52:43'),(218,2,1,1,'2017-03-28 12:52:43'),(219,3,1,1,'2017-03-28 12:52:43'),(220,1,1,1,'2017-03-28 12:53:43'),(221,2,1,1,'2017-03-28 12:53:43'),(222,3,1,1,'2017-03-28 12:53:43'),(223,1,1,1,'2017-03-28 12:54:44'),(224,2,1,1,'2017-03-28 12:54:44'),(225,3,1,1,'2017-03-28 12:54:44'),(226,1,1,1,'2017-03-28 12:55:44'),(227,2,1,1,'2017-03-28 12:55:44'),(228,3,1,1,'2017-03-28 12:55:44'),(229,1,1,1,'2017-03-28 12:56:44'),(230,2,1,1,'2017-03-28 12:56:44'),(231,3,1,1,'2017-03-28 12:56:44'),(232,1,1,1,'2017-03-28 12:57:44'),(233,2,1,1,'2017-03-28 12:57:44'),(234,3,1,1,'2017-03-28 12:57:44'),(235,1,1,1,'2017-03-28 12:58:44'),(236,2,1,1,'2017-03-28 12:58:44'),(237,3,1,1,'2017-03-28 12:58:44'),(238,1,1,1,'2017-03-28 12:59:44'),(239,2,1,1,'2017-03-28 12:59:44'),(240,3,1,1,'2017-03-28 12:59:44'),(241,1,1,1,'2017-03-28 13:00:45'),(242,2,1,1,'2017-03-28 13:00:45'),(243,3,1,1,'2017-03-28 13:00:45'),(244,1,1,1,'2017-03-28 13:01:45'),(245,2,1,1,'2017-03-28 13:01:45'),(246,3,1,1,'2017-03-28 13:01:45'),(247,1,1,1,'2017-03-28 13:02:45'),(248,2,1,1,'2017-03-28 13:02:45'),(249,3,1,1,'2017-03-28 13:02:45'),(250,1,1,1,'2017-03-28 13:03:45'),(251,2,1,1,'2017-03-28 13:03:45'),(252,3,1,1,'2017-03-28 13:03:45'),(253,1,1,1,'2017-03-28 13:04:45'),(254,2,1,1,'2017-03-28 13:04:45'),(255,3,1,1,'2017-03-28 13:04:45'),(256,1,1,1,'2017-03-28 13:05:46'),(257,2,1,1,'2017-03-28 13:05:46'),(258,3,1,1,'2017-03-28 13:05:46'),(259,1,1,1,'2017-03-28 13:06:46'),(260,2,1,1,'2017-03-28 13:06:46'),(261,3,1,1,'2017-03-28 13:06:46'),(262,1,1,1,'2017-03-28 13:07:46'),(263,2,1,1,'2017-03-28 13:07:46'),(264,3,1,1,'2017-03-28 13:07:46'),(265,1,1,1,'2017-03-28 13:08:46'),(266,2,1,1,'2017-03-28 13:08:46'),(267,3,1,1,'2017-03-28 13:08:46'),(268,1,1,1,'2017-03-28 13:09:46'),(269,2,1,1,'2017-03-28 13:09:46'),(270,3,1,1,'2017-03-28 13:09:46'),(271,1,1,1,'2017-03-28 13:10:47'),(272,2,1,1,'2017-03-28 13:10:47'),(273,3,1,1,'2017-03-28 13:10:47'),(274,1,1,1,'2017-03-28 13:11:47'),(275,2,1,1,'2017-03-28 13:11:47'),(276,3,1,1,'2017-03-28 13:11:47'),(277,1,1,1,'2017-03-28 13:12:47'),(278,2,1,1,'2017-03-28 13:12:47'),(279,3,1,1,'2017-03-28 13:12:47'),(280,1,1,1,'2017-03-28 13:13:47'),(281,2,1,1,'2017-03-28 13:13:47'),(282,3,1,1,'2017-03-28 13:13:47'),(283,1,1,1,'2017-03-28 13:14:47'),(284,2,1,1,'2017-03-28 13:14:47'),(285,3,1,1,'2017-03-28 13:14:47'),(286,1,1,1,'2017-03-28 13:15:47'),(287,2,1,1,'2017-03-28 13:15:47'),(288,3,1,1,'2017-03-28 13:15:47'),(289,1,1,1,'2017-03-28 13:16:48'),(290,2,1,1,'2017-03-28 13:16:48'),(291,3,1,1,'2017-03-28 13:16:48'),(292,1,1,1,'2017-03-28 13:17:48'),(293,2,1,1,'2017-03-28 13:17:48'),(294,3,1,1,'2017-03-28 13:17:48'),(295,1,1,1,'2017-03-28 13:18:48'),(296,2,1,1,'2017-03-28 13:18:48'),(297,3,1,1,'2017-03-28 13:18:48'),(298,1,1,1,'2017-03-28 13:19:48'),(299,2,1,1,'2017-03-28 13:19:48'),(300,3,1,1,'2017-03-28 13:19:48'),(301,1,1,1,'2017-03-28 13:20:48'),(302,2,1,1,'2017-03-28 13:20:48'),(303,3,1,1,'2017-03-28 13:20:48'),(304,1,1,1,'2017-03-28 13:21:49'),(305,2,1,1,'2017-03-28 13:21:49'),(306,3,1,1,'2017-03-28 13:21:49'),(307,1,1,1,'2017-03-28 13:22:49'),(308,2,1,1,'2017-03-28 13:22:49'),(309,3,1,1,'2017-03-28 13:22:49'),(310,1,1,1,'2017-03-28 13:23:49'),(311,2,1,1,'2017-03-28 13:23:49'),(312,3,1,1,'2017-03-28 13:23:49'),(313,1,1,1,'2017-03-28 13:24:49'),(314,2,1,1,'2017-03-28 13:24:49'),(315,3,1,1,'2017-03-28 13:24:49'),(316,1,1,1,'2017-03-28 13:25:49'),(317,2,1,1,'2017-03-28 13:25:49'),(318,3,1,1,'2017-03-28 13:25:49'),(319,1,1,1,'2017-03-28 13:26:50'),(320,2,1,1,'2017-03-28 13:26:50'),(321,3,1,1,'2017-03-28 13:26:50'),(322,1,1,1,'2017-03-28 13:27:50'),(323,2,1,1,'2017-03-28 13:27:50'),(324,3,1,1,'2017-03-28 13:27:50'),(325,1,1,1,'2017-03-28 13:28:50'),(326,2,1,1,'2017-03-28 13:28:50'),(327,3,1,1,'2017-03-28 13:28:50'),(328,1,1,1,'2017-03-28 13:29:50'),(329,2,1,1,'2017-03-28 13:29:50'),(330,3,1,1,'2017-03-28 13:29:50'),(331,1,1,1,'2017-03-28 13:30:50'),(332,2,1,1,'2017-03-28 13:30:50'),(333,3,1,1,'2017-03-28 13:30:50'),(334,1,1,1,'2017-03-28 13:31:51'),(335,2,1,1,'2017-03-28 13:31:51'),(336,3,1,1,'2017-03-28 13:31:51');
/*!40000 ALTER TABLE `event` ENABLE KEYS */;
UNLOCK TABLES;

--
-- Table structure for table `user`
--

DROP TABLE IF EXISTS `user`;
/*!40101 SET @saved_cs_client     = @@character_set_client */;
/*!40101 SET character_set_client = utf8 */;
CREATE TABLE `user` (
  `id` int(11) NOT NULL AUTO_INCREMENT,
  `name` varchar(128) DEFAULT NULL,
  `passwd` char(64) DEFAULT NULL,
  `createdTime` datetime DEFAULT NULL,
  `updateTime` datetime DEFAULT NULL,
  PRIMARY KEY (`id`)
) ENGINE=InnoDB AUTO_INCREMENT=3 DEFAULT CHARSET=latin1;
/*!40101 SET character_set_client = @saved_cs_client */;

--
-- Dumping data for table `user`
--

LOCK TABLES `user` WRITE;
/*!40000 ALTER TABLE `user` DISABLE KEYS */;
INSERT INTO `user` VALUES (1,'xianghang','8e330df2fde384cb772687b82f63083634999b48509a041f05ddeb002e0c16c8','2017-02-27 13:13:13','2017-02-27 13:13:14'),(2,'xianghang_1','8e330df2fde384cb772687b82f63083634999b48509a041f05ddeb002e0c16c8','2017-02-27 13:20:13','2017-02-27 13:20:14');
/*!40000 ALTER TABLE `user` ENABLE KEYS */;
UNLOCK TABLES;
/*!40103 SET TIME_ZONE=@OLD_TIME_ZONE */;

/*!40101 SET SQL_MODE=@OLD_SQL_MODE */;
/*!40014 SET FOREIGN_KEY_CHECKS=@OLD_FOREIGN_KEY_CHECKS */;
/*!40014 SET UNIQUE_CHECKS=@OLD_UNIQUE_CHECKS */;
/*!40101 SET CHARACTER_SET_CLIENT=@OLD_CHARACTER_SET_CLIENT */;
/*!40101 SET CHARACTER_SET_RESULTS=@OLD_CHARACTER_SET_RESULTS */;
/*!40101 SET COLLATION_CONNECTION=@OLD_COLLATION_CONNECTION */;
/*!40111 SET SQL_NOTES=@OLD_SQL_NOTES */;

-- Dump completed on 2017-05-10 10:06:04
